model,HS_STD,LY_STD,HS_LY,n_eff
"Tri: V = diag(3) * 1.002, nu = 0.02",-0.03676554561429627,0.07653337447817989,-0.09288085189133201,1139.8561731418451
"Tri: V = diag(3) / 3, nu = 0.02",-0.07858870072547638,-0.12426637576326,-0.08589595648017113,1198.3963453017313
"Tri: V = diag(3) * 0.5, nu = 0.02",-0.05082174200749508,0.060476763339261365,-0.14243766896207505,1069.040532298535
