model,HS_STD,LY_STD,HS_LY,n_eff
"Tri: V = diag(3) * 1.002, nu = 0.02",0.6838576377931711,0.9336969653734976,0.7064097650760164,66844.91631606847
