model,HS_STD,LY_STD,HS_LY,n_eff
"Tri: V = diag(3) * 1.002, nu = 0.02",0.9465683609647793,0.867960099920997,0.8467248824586677,68011.54753053916
