model,HS_STD,LY_STD,HS_LY,n_eff
"Tri: V = diag(3) * 1.002, nu = 0.02",0.7482706637945884,0.9525120705691068,0.7855925530542488,63454.64650336395
