model,HS_STD,LY_STD,HS_LY,n_eff
"Tri: V = diag(3) * 1.002, nu = 0.02",0.29837911384232424,0.4962417939064278,0.3488954497299279,20090.865030236862
"Tri: V = diag(3) / 3, nu = 0.02",0.299355650026014,0.4990197013512415,0.3526273585945352,20117.245702917106
"Tri: V = diag(3) * 0.5, nu = 0.02",0.29923271517030237,0.4958015259177606,0.3491044608571373,19884.104733094202
