model,HS_STD,DR_STD,HS_DR,n_eff
"Tri: V = diag(3) * 1.002, nu = 0.02",0.2999119087544086,0.4957337743514394,0.35013458742657905,20325.982475332785
