model,HS_STD,DR_STD,HS_DR,n_eff
"Tri: V = diag(3) * 1.002, nu = 0.02",0.298945432203653,0.496072681705223,0.3496800909251483,20381.87043936451
