model,HS_STD,LY_STD,HS_LY,n_eff
NA,0.29426035345986046,0.49247225541688777,0.3475058436775462,4710.352496882993
