model,HS_STD,LY_STD,HS_LY,n_eff
"Tri: V = diag(3) * 1.002, nu = 0.02",0.29173854636103025,0.4928118192653165,0.348081043553337,4759.077492650879
"Tri: V = diag(3) / 3, nu = 0.02",0.2998070048922349,0.4948738389218421,0.35254042172827804,4674.001233120367
"Tri: V = diag(3) * 0.5, nu = 0.02",0.293590668595493,0.4946806936728995,0.3476246897541565,4754.004319217471
