model,HS_STD,LY_STD,HS_LY,n_eff
"Tri: V = diag(3) * 1.002, nu = 0.02",0.9465683609647793,0.867960099920997,0.8467248824586677,68011.54753053916
"Sire: V = diag(3) / 3, nu = 0.002",0.9166126795243636,0.8522464159015437,0.7617520950545253,154799.99999999997
"Sire: V = diag(3) * 0.5 * 0.7, nu = 0.002",0.9153105286532743,0.8480004269259547,0.7591063769613515,153026.35849766532
"Sire: V = 0.5 diag, 0.35 off-diag, nu = 0.002",0.936812536376255,0.87838879648224,0.8606927596524907,154220.03235204954
