model,HS_STD,LY_STD,HS_LY,n_eff
"Tri: V = diag(3) * 1.002, nu = 0.02",0.6838576377931711,0.9336969653734976,0.7064097650760164,66844.91631606847
"Sire: V = diag(3) / 3, nu = 0.002",0.5223363441311065,0.904557946504164,0.4888571212650707,155107.5093812491
"Sire: V = diag(3) * 0.5 * 0.7, nu = 0.002",0.513603880825555,0.9016470854009236,0.4802450362814325,154899.80935485286
"Sire: V = 0.5 diag, 0.35 off-diag, nu = 0.002",0.6019610568300158,0.9189677644941547,0.7003276125196267,154468.17143692693
