model,HS_STD,LY_STD,HS_LY,n_eff
"Tri: V = diag(3) * 1.002, nu = 0.02",0.733652833526387,0.9506293055283117,0.7718887289014726,62921.867364342295
"Sire: V = diag(3) / 3, nu = 0.002",0.6576493056594712,0.9306749046979209,0.6585269898537222,155090.87311954857
"Sire: V = diag(3) * 0.5 * 0.7, nu = 0.002",0.6496522881848185,0.9288215168592933,0.6523152917961228,154481.1830716997
"Sire: V = 0.5 diag, 0.35 off-diag, nu = 0.002",0.7178482884574227,0.9426991518318482,0.7976541712765708,154039.89988989697
